iata_code,name,type,longitude,latitude
WKK,Aleknagik / New Airport,medium_airport,-158.617996216, 59.2826004028
ABE,Lehigh Valley International Airport,medium_airport,-75.44080352783203, 40.652099609375
ABI,Abilene Regional Airport,medium_airport,-99.68190002440001, 32.4113006592
ABQ,Albuquerque International Sunport,large_airport,-106.609001, 35.040199
ABR,Aberdeen Regional Airport,medium_airport,-98.42179870605469, 45.449100494384766
ABY,Southwest Georgia Regional Airport,medium_airport,-84.19450378417969, 31.535499572753906
ACK,Nantucket Memorial Airport,medium_airport,-70.06020355, 41.25310135
ACT,Waco Regional Airport,medium_airport,-97.23049926757812, 31.611299514770508
ACV,California Redwood Coast-Humboldt County Airport,medium_airport,-124.109, 40.978101
ACY,Atlantic City International Airport,medium_airport,-74.57720184326172, 39.45759963989258
ADW,Joint Base Andrews,large_airport,-76.866997, 38.810799
AEX,Alexandria International Airport,medium_airport,-92.54979705810547, 31.32740020751953
AFW,Fort Worth Alliance Airport,large_airport,-97.31880187990001, 32.9875984192
AGC,Allegheny County Airport,medium_airport,-79.9301986694336, 40.354400634765625
AGS,Augusta Regional At Bush Field,large_airport,-81.9645004272461, 33.36989974975586
AHN,Athens Ben Epps Airport,medium_airport,-83.32630157470703, 33.94860076904297
AKC,Akron Fulton International Airport,medium_airport,-81.4669036865, 41.0374984741
ALB,Albany International Airport,medium_airport,-73.80169677734375, 42.74829864501953
ALI,Alice International Airport,medium_airport,-98.02690124510002, 27.740900039699998
ALM,Alamogordo White Sands Regional Airport,medium_airport,-105.990997314, 32.8399009705
ALN,St Louis Regional Airport,medium_airport,-90.0459976196, 38.89030075069999
ALO,Waterloo Regional Airport,medium_airport,-92.40029907226562, 42.557098388671875
ALS,San Luis Valley Regional Bergman Field,medium_airport,-105.866997, 37.434898
ALW,Walla Walla Regional Airport,medium_airport,-118.288002, 46.09489822
AMA,Rick Husband Amarillo International Airport,large_airport,-101.706001, 35.219398
ANB,Anniston Regional Airport,medium_airport,-85.8581, 33.5882
AND,Anderson Regional Airport,medium_airport,-82.70939636230001, 34.4945983887
AOO,Altoona Blair County Airport,medium_airport,-78.31999969, 40.29639816
APA,Centennial Airport,medium_airport,-104.848999, 39.57009888
APF,Naples Municipal Airport,medium_airport,-81.7752990723, 26.1525993347
APG,Phillips Army Air Field,medium_airport,-76.1688, 39.466202
APN,Alpena County Regional Airport,medium_airport,-83.56030273, 45.0780983
ARA,Acadiana Regional Airport,medium_airport,-91.883904, 30.0378
ART,Watertown International Airport,medium_airport,-76.02169799804688, 43.99190139770508
ASE,Aspen-Pitkin Co/Sardy Field,medium_airport,-106.8690033, 39.22320175
AST,Astoria Regional Airport,medium_airport,-123.878997803, 46.158000946
ATL,Hartsfield Jackson Atlanta International Airport,large_airport,-84.428101, 33.6367
ATY,Watertown Regional Airport,medium_airport,-97.15470123, 44.91400146
AUG,Augusta State Airport,medium_airport,-69.7973022461, 44.320598602299995
AUS,Austin Bergstrom International Airport,large_airport,-97.6698989868164, 30.194499969482422
AUW,Wausau Downtown Airport,medium_airport,-89.6266021729, 44.9262008667
AVL,Asheville Regional Airport,large_airport,-82.54180145263672, 35.43619918823242
AVP,Wilkes Barre Scranton International Airport,medium_airport,-75.72339630130001, 41.338500976599995
AXN,Chandler Field,medium_airport,-95.39469909670001, 45.8662986755
AZO,Kalamazoo Battle Creek International Airport,medium_airport,-85.5521011352539, 42.234901428222656
BAB,Beale Air Force Base,large_airport,-121.43699646, 39.136100769
BAD,Barksdale Air Force Base,large_airport,-93.6626968384, 32.5018005371
BAF,Westfield-Barnes Regional Airport,medium_airport,-72.715599, 42.157799
CLU,Columbus Municipal Airport,medium_airport,-85.8963012695, 39.2619018555
BBD,Curtis Field,medium_airport,-99.3238983154, 31.1793003082
BCE,Bryce Canyon Airport,medium_airport,-112.144996643, 37.706401825
BDE,Baudette International Airport,medium_airport,-94.612197876, 48.7284011841
BDL,Bradley International Airport,large_airport,-72.68319702149999, 41.9388999939
BDR,Igor I Sikorsky Memorial Airport,medium_airport,-73.1261978149414, 41.16350173950195
BED,Laurence G Hanscom Field,medium_airport,-71.28900146, 42.47000122
BFD,Bradford Regional Airport,medium_airport,-78.64009857177734, 41.8031005859375
BFF,Western Neb. Rgnl/William B. Heilig Airport,medium_airport,-103.5960007, 41.87400055
BFI,Boeing Field King County International Airport,large_airport,-122.302001953125, 47.529998779296875
BFL,Meadows Field,medium_airport,-119.0569992, 35.43360138
BFM,Mobile Downtown Airport,medium_airport,-88.06809997559999, 30.626800537100003
BGM,Greater Binghamton/Edwin A Link field,medium_airport,-75.97979736, 42.20869827
BGR,Bangor International Airport,large_airport,-68.8281021118164, 44.80739974975586
BHB,Hancock County-Bar Harbor Airport,medium_airport,-68.3615036, 44.45000076
BHM,Birmingham-Shuttlesworth International Airport,large_airport,-86.75350189, 33.56290054
BIF,Biggs Army Air Field (Fort Bliss),medium_airport,-106.3799973, 31.84950066
BIH,Eastern Sierra Regional Airport,medium_airport,-118.363998413, 37.3731002808
BIL,Billings Logan International Airport,large_airport,-108.54299926757812, 45.807701110839844
BIS,Bismarck Municipal Airport,medium_airport,-100.74600219726562, 46.772701263427734
BIX,Keesler Air Force Base,medium_airport,-88.92440032959999, 30.4104003906
BJC,Rocky Mountain Metropolitan Airport,medium_airport,-105.1169968, 39.90879822
BJI,Bemidji Regional Airport,medium_airport,-94.93370056, 47.50939941
BKE,Baker City Municipal Airport,medium_airport,-117.808998108, 44.837299346900004
BFK,Buckley Air Force Base,medium_airport,-104.751998901, 39.701698303200004
BKL,Burke Lakefront Airport,medium_airport,-81.68329620361328, 41.51750183105469
BKW,Raleigh County Memorial Airport,medium_airport,-81.1241989136, 37.787300109899995
BLF,Mercer County Airport,medium_airport,-81.20770263671875, 37.295799255371094
BLH,Blythe Airport,medium_airport,-114.717002869, 33.6192016602
BLI,Bellingham International Airport,medium_airport,-122.53800201416016, 48.79280090332031
BLV,Scott AFB/Midamerica Airport,large_airport,-89.835197, 38.5452
BMG,Monroe County Airport,medium_airport,-86.61669921875, 39.145999908447266
BMI,Central Illinois Regional Airport at Bloomington-Normal,large_airport,-88.91590118, 40.47710037
BNA,Nashville International Airport,large_airport,-86.6781997680664, 36.1245002746582
BNO,Burns Municipal Airport,medium_airport,-118.955001831, 43.5918998718
BOI,Boise Air Terminal/Gowen Field,large_airport,-116.223, 43.5644
BOS,General Edward Lawrence Logan International Airport,large_airport,-71.00520325, 42.36429977
BPI,Miley Memorial Field,medium_airport,-110.1110001, 42.58509827
WMH,Ozark Regional Airport,medium_airport,-92.47049713130001, 36.3689002991
BPT,Southeast Texas Regional Airport,medium_airport,-94.02069854736328, 29.9507999420166
BQK,Brunswick Golden Isles Airport,medium_airport,-81.46649932861328, 31.258800506591797
BRD,Brainerd Lakes Regional Airport,medium_airport,-94.13809967, 46.39830017
BRL,Southeast Iowa Regional Airport,medium_airport,-91.12550354003906, 40.783199310302734
BRO,Brownsville South Padre Island International Airport,medium_airport,-97.4259033203125, 25.90679931640625
BTL,W K Kellogg Airport,medium_airport,-85.2515029907, 42.307300567599995
BTM,Bert Mooney Airport,medium_airport,-112.49700164794922, 45.95479965209961
BTR,Baton Rouge Metropolitan Airport,medium_airport,-91.149597, 30.533199
BTV,Burlington International Airport,medium_airport,-73.15329742429999, 44.471900939899996
BUF,Buffalo Niagara International Airport,large_airport,-78.73220062, 42.94049835
BUR,Bob Hope Airport,medium_airport,-118.35900115966797, 34.20069885253906
BFP,Beaver County Airport,medium_airport,-80.39140319820001, 40.7724990845
BVY,Beverly Municipal Airport,medium_airport,-70.91649627689999, 42.584201812699995
BWG,Bowling Green Warren County Regional Airport,medium_airport,-86.41970062259999, 36.964500427199994
BWI,Baltimore/Washington International Thurgood Marshall Airport,large_airport,-76.668297, 39.1754
BYH,Arkansas International Airport,medium_airport,-89.94400024410001, 35.9642982483
BYI,Burley Municipal Airport,medium_airport,-113.772003174, 42.542598724399994
BYS,Bicycle Lake Army Air Field,medium_airport,-116.629997253, 35.2804985046
BZN,Gallatin Field,medium_airport,-111.1529999, 45.77750015
CAE,Columbia Metropolitan Airport,large_airport,-81.11949920654297, 33.93880081176758
CAK,Akron Canton Regional Airport,medium_airport,-81.44219970703125, 40.916099548339844
CAR,Caribou Municipal Airport,medium_airport,-68.0178985596, 46.871498107899995
CBM,Columbus Air Force Base,large_airport,-88.44380187990001, 33.6437988281
CCY,Northeast Iowa Regional Airport,medium_airport,-92.6108016968, 43.0726013184
CDC,Cedar City Regional Airport,medium_airport,-113.0989990234375, 37.70100021362305
CDR,Chadron Municipal Airport,medium_airport,-103.095001221, 42.837600708
CDS,Childress Municipal Airport,medium_airport,-100.288002014, 34.4337997437
CEC,Jack Mc Namara Field Airport,medium_airport,-124.2369995, 41.78020096
CEF,Westover ARB/Metropolitan Airport,medium_airport,-72.53479767, 42.19400024
CEW,Bob Sikes Airport,medium_airport,-86.522102356, 30.778799057
CGF,Cuyahoga County Airport,medium_airport,-81.4863967896, 41.5651016235
CGI,Cape Girardeau Regional Airport,medium_airport,-89.57080078125, 37.22529983520508
CHA,Lovell Field,large_airport,-85.20379638671875, 35.035301208496094
CHO,Charlottesville Albemarle Airport,medium_airport,-78.4529037475586, 38.13859939575195
CHS,Charleston Air Force Base-International Airport,large_airport,-80.04049683, 32.89860153
CID,The Eastern Iowa Airport,large_airport,-91.71080017089844, 41.884700775146484
CIU,Chippewa County International Airport,medium_airport,-84.47239685058594, 46.25080108642578
CKB,North Central West Virginia Airport,medium_airport,-80.2281036377, 39.2966003418
CLE,Cleveland Hopkins International Airport,large_airport,-81.8498001099, 41.4117012024
CLL,Easterwood Field,medium_airport,-96.36380005, 30.58860016
CLM,William R Fairchild International Airport,medium_airport,-123.5, 48.120201110839844
CLT,Charlotte Douglas International Airport,large_airport,-80.94309997558594, 35.2140007019043
CMH,John Glenn Columbus International Airport,large_airport,-82.891899, 39.998001
CMI,University of Illinois Willard Airport,medium_airport,-88.27809906, 40.03919983
CMX,Houghton County Memorial Airport,medium_airport,-88.48909759521484, 47.168399810791016
CNM,Cavern City Air Terminal,medium_airport,-104.26300048828125, 32.337501525878906
CNU,Chanute Martin Johnson Airport,medium_airport,-95.4850997925, 37.668800354
COD,Yellowstone Regional Airport,medium_airport,-109.024002075, 44.520198822
COE,Coeur D'Alene - Pappy Boyington Field,medium_airport,-116.8199997, 47.77429962
COF,Patrick Air Force Base,medium_airport,-80.6100997925, 28.2348995209
CON,Concord Municipal Airport,medium_airport,-71.50229645, 43.20270157
COS,City of Colorado Springs Municipal Airport,large_airport,-104.700996, 38.805801
COU,Columbia Regional Airport,medium_airport,-92.219597, 38.8181
CPR,Casper-Natrona County International Airport,medium_airport,-106.463997, 42.908001
CRE,Grand Strand Airport,medium_airport,-78.72389984130001, 33.8116989136
CRG,Jacksonville Executive at Craig Airport,medium_airport,-81.51439666750001, 30.3362998962
CRP,Corpus Christi International Airport,large_airport,-97.5011978149414, 27.77039909362793
CLD,Mc Clellan-Palomar Airport,medium_airport,-117.2799988, 33.12829971
CRW,Yeager Airport,large_airport,-81.59320068359375, 38.37310028076172
CSG,Columbus Metropolitan Airport,medium_airport,-84.93890380859375, 32.516300201416016
CSV,Crossville Memorial Whitson Field,medium_airport,-85.08499908450001, 35.9513015747
CTB,Cut Bank International Airport,medium_airport,-112.375999451, 48.6083984375
CUB,Jim Hamilton L.B. Owens Airport,medium_airport,-80.9952011108, 33.970500946
CVG,Cincinnati Northern Kentucky International Airport,large_airport,-84.6678009033, 39.0488014221
CVO,Corvallis Municipal Airport,medium_airport,-123.2900009, 44.49720001
CVS,Cannon Air Force Base,large_airport,-103.321998596, 34.3828010559
CWA,Central Wisconsin Airport,medium_airport,-89.6668014526, 44.7775993347
CXO,Conroe-North Houston Regional Airport,medium_airport,-95.414497, 30.351801
CYS,Cheyenne Regional Jerry Olson Field,medium_airport,-104.8119965, 41.15570068
DAA,Davison Army Air Field,medium_airport,-77.1809997559, 38.715000152600005
DAB,Daytona Beach International Airport,large_airport,-81.058098, 29.179899
DAG,Barstow Daggett Airport,medium_airport,-116.7870026, 34.85369873
DAL,Dallas Love Field,large_airport,-96.851799, 32.847099
DAN,Danville Regional Airport,medium_airport,-79.33609771728516, 36.572898864746094
DAY,James M Cox Dayton International Airport,large_airport,-84.21939849853516, 39.902400970458984
DBQ,Dubuque Regional Airport,large_airport,-90.70950317, 42.40200043
DCA,Ronald Reagan Washington National Airport,large_airport,-77.037697, 38.8521
DDC,Dodge City Regional Airport,medium_airport,-99.9655990600586, 37.76340103149414
DEC,Decatur Airport,medium_airport,-88.8656997680664, 39.834598541259766
DEN,Denver International Airport,large_airport,-104.672996521, 39.861698150635
DET,Coleman A. Young Municipal Airport,medium_airport,-83.00990295, 42.40919876
DFW,Dallas Fort Worth International Airport,large_airport,-97.038002, 32.896801
DHN,Dothan Regional Airport,medium_airport,-85.44960021972656, 31.321300506591797
DHT,Dalhart Municipal Airport,medium_airport,-102.54699707, 36.0225982666
DIK,Dickinson Theodore Roosevelt Regional Airport,medium_airport,-102.802001953, 46.7974014282
DLF,DLF Airport,large_airport,-100.778002, 29.359501
DLH,Duluth International Airport,large_airport,-92.19360351559999, 46.8420982361
DLS,Columbia Gorge Regional the Dalles Municipal Airport,medium_airport,-121.166999817, 45.6184997559
DMA,Davis Monthan Air Force Base,medium_airport,-110.883003235, 32.1665000916
DMN,Deming Municipal Airport,medium_airport,-107.721000671, 32.262298584
DNL,Daniel Field,medium_airport,-82.0393981934, 33.4664993286
DOV,Dover Air Force Base,large_airport,-75.46600342, 39.12950134
DPA,Dupage Airport,medium_airport,-88.24859619, 41.90779877
DRA,Desert Rock Airport,medium_airport,-116.032997, 36.6194
DRI,Beauregard Regional Airport,medium_airport,-93.33989715579999, 30.8316993713
DRT,Del Rio International Airport,medium_airport,-100.927001953, 29.3742008209
DSM,Des Moines International Airport,large_airport,-93.66310119628906, 41.534000396728516
DTW,Detroit Metropolitan Wayne County Airport,large_airport,-83.35340118408203, 42.212398529052734
DUG,Bisbee Douglas International Airport,medium_airport,-109.603996277, 31.4689998627
DUJ,DuBois Regional Airport,medium_airport,-78.8986969, 41.17829895
DYS,Dyess Air Force Base,large_airport,-99.854598999, 32.4207992554
EAT,Pangborn Memorial Airport,medium_airport,-120.207000732, 47.3988990784
EAU,Chippewa Valley Regional Airport,medium_airport,-91.48429870605469, 44.86579895019531
ECG,Elizabeth City Regional Airport & Coast Guard Air Station,medium_airport,-76.17459869, 36.26060104
ECP,Northwest Florida Beaches International Airport,medium_airport,-85.795414, 30.357106
EDW,Edwards Air Force Base,large_airport,-117.884003, 34.905399
EED,Needles Airport,medium_airport,-114.623001099, 34.7663002014
EEN,Dillant Hopkins Airport,medium_airport,-72.27079772949219, 42.898399353027344
EFD,Ellington Airport,medium_airport,-95.1587982178, 29.607299804700002
EGE,Eagle County Regional Airport,medium_airport,-106.9179993, 39.64260101
EGI,Duke Field,medium_airport,-86.52290344, 30.65040016
EKA,Murray Field,medium_airport,-124.112998962, 40.803398132299996
EKN,Elkins-Randolph Co-Jennings Randolph Field,medium_airport,-79.85710144, 38.88940048
EKO,Elko Regional Airport,medium_airport,-115.79199981689453, 40.82490158081055
ELD,South Arkansas Regional At Goodwin Field,medium_airport,-92.81330108642578, 33.22100067138672
ELM,Elmira Corning Regional Airport,medium_airport,-76.8916015625, 42.1599006652832
LYU,Ely Municipal Airport,medium_airport,-91.83070374, 47.82450104
ELP,El Paso International Airport,medium_airport,-106.3779984, 31.80719948
ELY,Ely Airport Yelland Field,medium_airport,-114.8420029, 39.29970169
END,Vance Air Force Base,large_airport,-97.9164962769, 36.339199066199996
ENV,Wendover Airport,medium_airport,-114.03099823, 40.7187004089
ENW,Kenosha Regional Airport,medium_airport,-87.92780304, 42.59569931
ERI,Erie International Tom Ridge Field,large_airport,-80.1738667488, 42.0831270134
ESF,Esler Regional Airport,medium_airport,-92.2957992554, 31.3948993683
EUG,Mahlon Sweet Field,medium_airport,-123.21199798583984, 44.12459945678711
EVV,Evansville Regional Airport,medium_airport,-87.5324020386, 38.0369987488
EVW,Evanston-Uinta County Airport-Burns Field,medium_airport,-111.0350037, 41.27479935
EWB,New Bedford Regional Airport,medium_airport,-70.95690155029297, 41.67610168457031
EWN,Coastal Carolina Regional Airport,medium_airport,-77.04290008539999, 35.0730018616
EWR,Newark Liberty International Airport,large_airport,-74.168701171875, 40.692501068115234
EYW,Key West International Airport,medium_airport,-81.75959777832031, 24.556100845336914
FAF,Felker Army Air Field,medium_airport,-76.60880279540001, 37.132499694799996
FAR,Hector International Airport,medium_airport,-96.81580352783203, 46.92070007324219
FAT,Fresno Yosemite International Airport,medium_airport,-119.71800231933594, 36.77619934082031
FAY,Fayetteville Regional Grannis Field,medium_airport,-78.88030242919922, 34.9911994934082
FBG,Simmons Army Air Field,medium_airport,-78.93669891, 35.13180161
FCS,Butts AAF (Fort Carson) Air Field,medium_airport,-104.7570038, 38.67839813
FDY,Findlay Airport,medium_airport,-83.66870117190001, 41.013500213600004
FFO,Wright-Patterson Air Force Base,large_airport,-84.0483016968, 39.8260993958
FHU,Sierra Vista Municipal Libby Army Air Field,medium_airport,-110.34400177001953, 31.588499069213867
FKL,Venango Regional Airport,medium_airport,-79.8603973389, 41.3778991699
FLG,Flagstaff Pulliam Airport,medium_airport,-111.6709976, 35.13850021
FLL,Fort Lauderdale Hollywood International Airport,large_airport,-80.152702, 26.072599
FLO,Florence Regional Airport,medium_airport,-79.7238998413086, 34.18539810180664
FME,Tipton Airport,medium_airport,-76.7593994141, 39.08539962769999
FMN,Four Corners Regional Airport,medium_airport,-108.230003357, 36.741199493399996
FMY,Page Field,medium_airport,-81.86329650879999, 26.58659935
FNT,Bishop International Airport,medium_airport,-83.74359893798828, 42.96540069580078
FOD,Fort Dodge Regional Airport,medium_airport,-94.19259644, 42.55149841
FOE,Topeka Regional Airport - Forbes Field,medium_airport,-95.66359710690001, 38.950901031499995
FPR,St Lucie County International Airport,medium_airport,-80.36830139, 27.49510002
FRG,Republic Airport,medium_airport,-73.4133987427, 40.7288017273
FRI,Marshall Army Air Field,medium_airport,-96.76450348, 39.05530167
FSD,Joe Foss Field Airport,medium_airport,-96.741897583, 43.582000732400004
FSI,Henry Post Army Air Field (Fort Sill),medium_airport,-98.40219879, 34.64979935
FSM,Fort Smith Regional Airport,large_airport,-94.36740112304688, 35.33660125732422
FST,Fort Stockton Pecos County Airport,medium_airport,-102.916000366, 30.9157009125
FTK,Godman Army Air Field,medium_airport,-85.9720993042, 37.907100677500004
FTW,Fort Worth Meacham International Airport,large_airport,-97.362396, 32.819801
FTY,Fulton County Airport Brown Field,medium_airport,-84.5214004517, 33.7790985107
FWA,Fort Wayne International Airport,large_airport,-85.19509888, 40.97850037
FXE,Fort Lauderdale Executive Airport,medium_airport,-80.1707000732, 26.1972999573
FYV,Drake Field,medium_airport,-94.17009735107422, 36.00510025024414
GCC,Gillette Campbell County Airport,medium_airport,-105.539001465, 44.348899841299996
GCK,Garden City Regional Airport,medium_airport,-100.723999023, 37.9275016785
GCN,Grand Canyon National Park Airport,medium_airport,-112.14700317382812, 35.95240020751953
GDV,Dawson Community Airport,medium_airport,-104.8069992, 47.13869858
GEG,Spokane International Airport,large_airport,-117.53399658203125, 47.61989974975586
GFK,Grand Forks International Airport,medium_airport,-97.176102, 47.949299
GFL,Floyd Bennett Memorial Airport,medium_airport,-73.6102981567, 43.3412017822
GGG,East Texas Regional Airport,medium_airport,-94.71150207519531, 32.38399887084961
GGW,Wokal Field/Glasgow-Valley County Airport,medium_airport,-106.614998, 48.212502
GJT,Grand Junction Regional Airport,medium_airport,-108.527000427, 39.1223983765
GLD,Renner Field-Goodland Municipal Airport,medium_airport,-101.6989975, 39.37060165
GLH,Mid Delta Regional Airport,medium_airport,-90.98560333251953, 33.4828987121582
GLS,Scholes International At Galveston Airport,medium_airport,-94.86039733886719, 29.265300750732422
GMU,Greenville Downtown Airport,medium_airport,-82.34999847410002, 34.847900390599996
GNV,Gainesville Regional Airport,medium_airport,-82.2717971802, 29.6900997162
GON,Groton New London Airport,medium_airport,-72.04509735107422, 41.330101013183594
FCA,Glacier Park International Airport,medium_airport,-114.25599670410156, 48.31050109863281
GPT,Gulfport Biloxi International Airport,large_airport,-89.07009887695312, 30.40730094909668
GRB,Austin Straubel International Airport,large_airport,-88.12960052490234, 44.48509979248047
GRF,Gray Army Air Field,medium_airport,-122.5810013, 47.07920074
GRI,Central Nebraska Regional Airport,medium_airport,-98.30960083007812, 40.967498779296875
GRK,Robert Gray  Army Air Field Airport,medium_airport,-97.82890319820001, 31.067199707
GRR,Gerald R. Ford International Airport,medium_airport,-85.52279663, 42.88079834
GSB,Seymour Johnson Air Force Base,large_airport,-77.96060181, 35.33940125
GSO,Piedmont Triad International Airport,large_airport,-79.93730163574219, 36.097801208496094
GSP,Greenville Spartanburg International Airport,large_airport,-82.2189025879, 34.8956985474
GTF,Great Falls International Airport,medium_airport,-111.3710022, 47.48199844
GTR,Golden Triangle Regional Airport,medium_airport,-88.5914001465, 33.450298309299995
GUP,Gallup Municipal Airport,medium_airport,-108.789001465, 35.511100769
GUS,Grissom Air Reserve Base,large_airport,-86.1520996094, 40.648101806599996
GUY,Guymon Municipal Airport,medium_airport,-101.508003235, 36.6851005554
GWO,GreenwoodâLeflore Airport,medium_airport,-90.0847015381, 33.4943008423
GYY,Gary Chicago International Airport,medium_airport,-87.41280364990234, 41.61629867553711
HBG,Hattiesburg Bobby L Chain Municipal Airport,medium_airport,-89.25279999, 31.26479912
HBR,Hobart Regional Airport,medium_airport,-99.051313, 34.991317
HFD,Hartford Brainard Airport,medium_airport,-72.649398803711, 41.736698150635
HGR,Hagerstown Regional Richard A Henson Field,medium_airport,-77.72949982, 39.707901
HHR,Jack Northrop Field Hawthorne Municipal Airport,medium_airport,-118.334999, 33.922798
HIB,Range Regional Airport,large_airport,-92.83899689, 47.38660049
HIF,Hill Air Force Base,medium_airport,-111.973086, 41.12403
HIO,Portland Hillsboro Airport,medium_airport,-122.949997, 45.540401
HKY,Hickory Regional Airport,medium_airport,-81.38950348, 35.74110031
HLG,Wheeling Ohio County Airport,medium_airport,-80.6463012695, 40.1749992371
HLN,Helena Regional Airport,medium_airport,-111.98300170898438, 46.6068000793457
HLR,Hood Army Air Field,medium_airport,-97.71450042720001, 31.138700485199998
HMN,Holloman Air Force Base,large_airport,-106.107002258, 32.8525009155
HOB,Lea County Regional Airport,medium_airport,-103.2170029, 32.6875
HON,Huron Regional Airport,medium_airport,-98.22850036621094, 44.38520050048828
HOP,Campbell AAF (Fort Campbell) Air Field,medium_airport,-87.49620056150002, 36.668598175
HOT,Memorial Field,medium_airport,-93.09619903564453, 34.47800064086914
HOU,William P Hobby Airport,large_airport,-95.27890015, 29.64539909
HPN,Westchester County Airport,medium_airport,-73.70760345458984, 41.06700134277344
HQM,Bowerman Airport,medium_airport,-123.93699646, 46.971199035599994
HRL,Valley International Airport,medium_airport,-97.65440368652344, 26.228500366210938
HRO,Boone County Airport,medium_airport,-93.15470123291016, 36.26150131225586
HST,Homestead ARB Airport,medium_airport,-80.38359833, 25.48859978
HSV,Huntsville International Carl T Jones Field,large_airport,-86.775100708008, 34.637199401855
HTS,Tri-State/Milton J. Ferguson Field,large_airport,-82.55799866, 38.36669922
HUA,Redstone Army Air Field,medium_airport,-86.68479919, 34.67869949
HUF,"Terre Haute Regional Airport, Hulman Field",medium_airport,-87.307602, 39.4515
HUL,Houlton International Airport,medium_airport,-67.792098999, 46.1231002808
HUT,Hutchinson Municipal Airport,medium_airport,-97.86060333250002, 38.0654983521
HVN,Tweed New Haven Airport,medium_airport,-72.88680267, 41.26369858
HVR,Havre City County Airport,medium_airport,-109.762001, 48.54299927
HYA,Barnstable Municipal Boardman Polando Field,medium_airport,-70.28040314, 41.66930008
HYR,Sawyer County Airport,medium_airport,-91.44429779050002, 46.025199890100005
HYS,Hays Regional Airport,medium_airport,-99.27320099, 38.84220123
IAB,Mc Connell Air Force Base,medium_airport,-97.26820374, 37.62189865
IAD,Washington Dulles International Airport,large_airport,-77.45580292, 38.94449997
IAG,Niagara Falls International Airport,medium_airport,-78.94619750976562, 43.1072998046875
IAH,George Bush Intercontinental Houston Airport,large_airport,-95.34140014648438, 29.984399795532227
ICT,Wichita Eisenhower National Airport,large_airport,-97.433098, 37.649899
IDA,Idaho Falls Regional Airport,medium_airport,-112.070999, 43.514599
IKK,Greater Kankakee Airport,medium_airport,-87.8462982178, 41.07139968869999
ILG,New Castle Airport,medium_airport,-75.60649872, 39.67869949
ILM,Wilmington International Airport,medium_airport,-77.90260314941406, 34.270599365234375
ILN,Wilmington Airpark,medium_airport,-83.792098999, 39.427898407
IND,Indianapolis International Airport,large_airport,-86.294403, 39.7173
INK,Winkler County Airport,medium_airport,-103.200996399, 31.779600143399996
INL,Falls International Airport,medium_airport,-93.4030990600586, 48.566200256347656
INT,Smith Reynolds Airport,medium_airport,-80.22200012207031, 36.13370132446289
INW,Winslow Lindbergh Regional Airport,medium_airport,-110.722999573, 35.021900177
IPL,Imperial County Airport,medium_airport,-115.57900238, 32.834201812699995
IPT,Williamsport Regional Airport,medium_airport,-76.92109680175781, 41.241798400878906
IRK,Kirksville Regional Airport,medium_airport,-92.5448989868164, 40.09349822998047
ISM,Kissimmee Gateway Airport,medium_airport,-81.4371032715, 28.2898006439
ISN,Sloulin Field International Airport,medium_airport,-103.641998291, 48.177898407
ISO,Kinston Regional Jetport At Stallings Field,medium_airport,-77.60880279540001, 35.331401825
ISP,Long Island Mac Arthur Airport,medium_airport,-73.10019684, 40.79520035
ITH,Ithaca Tompkins Regional Airport,medium_airport,-76.4583969116211, 42.49100112915039
AZA,Phoenix-Mesa-Gateway Airport,medium_airport,-111.6549988, 33.30780029
JAC,Jackson Hole Airport,medium_airport,-110.73799896240234, 43.6072998046875
JAN,Jackson-Medgar Wiley Evers International Airport,large_airport,-90.0758972168, 32.3111991882
JAX,Jacksonville International Airport,large_airport,-81.68789672851562, 30.49410057067871
JBR,Jonesboro Municipal Airport,medium_airport,-90.64640045166016, 35.83169937133789
JCT,Kimble County Airport,medium_airport,-99.7634963989, 30.5112991333
JFK,John F Kennedy International Airport,large_airport,-73.77890015, 40.63980103
JHW,Chautauqua County-Jamestown Airport,medium_airport,-79.25800323, 42.15340042
JLN,Joplin Regional Airport,large_airport,-94.49829864501953, 37.151798248291016
JMS,Jamestown Regional Airport,medium_airport,-98.67819977, 46.92969894
JST,John Murtha Johnstown Cambria County Airport,medium_airport,-78.83390045166016, 40.31610107421875
JXN,Jackson County Reynolds Field,medium_airport,-84.45939636230001, 42.259799957300004
KLS,Southwest Washington Regional Airport,medium_airport,-122.898002625, 46.11800003049999
LAF,Purdue University Airport,medium_airport,-86.93689727783203, 40.41230010986328
LAL,Lakeland Linder International Airport,medium_airport,-82.018602, 27.988899
LAN,Capital City Airport,medium_airport,-84.58740234375, 42.77870178222656
LAR,Laramie Regional Airport,medium_airport,-105.67500305175781, 41.31209945678711
LAS,McCarran International Airport,large_airport,-115.1520004, 36.08010101
LAW,Lawton Fort Sill Regional Airport,medium_airport,-98.4166030884, 34.5676994324
LAX,Los Angeles International Airport,large_airport,-118.4079971, 33.94250107
LBB,Lubbock Preston Smith International Airport,large_airport,-101.822998, 33.663601
LBE,Arnold Palmer Regional Airport,medium_airport,-79.40480042, 40.27590179
LBF,North Platte Regional Airport Lee Bird Field,medium_airport,-100.6839981, 41.12620163
LBL,Liberal Mid-America Regional Airport,medium_airport,-100.9599991, 37.0442009
LBT,Lumberton Regional Airport,medium_airport,-79.05940246579999, 34.6099014282
LJN,Texas Gulf Coast Regional Airport,medium_airport,-95.462097168, 29.1086006165
LCH,Lake Charles Regional Airport,medium_airport,-93.22329711914062, 30.126100540161133
LCK,Rickenbacker International Airport,large_airport,-82.927803, 39.813801
LEB,Lebanon Municipal Airport,medium_airport,-72.30419921880001, 43.626098632799994
LEE,Leesburg International Airport,medium_airport,-81.80870056, 28.82309914
LEX,Blue Grass Airport,large_airport,-84.60590362548828, 38.0364990234375
LFI,Langley Air Force Base,large_airport,-76.360496521, 37.082901001
LFK,Angelina County Airport,medium_airport,-94.75, 31.2339992523
LFT,Lafayette Regional Airport,large_airport,-91.98760223, 30.20529938
LGA,La Guardia Airport,large_airport,-73.87259674, 40.77719879
LGB,Long Beach /Daugherty Field/ Airport,medium_airport,-118.1520004, 33.81769943
LGU,Logan-Cache Airport,medium_airport,-111.851997375, 41.7911987305
LIT,Bill & Hillary Clinton National Airport/Adams Field,large_airport,-92.2242965698, 34.729400634799994
LMT,Crater Lake-Klamath Regional Airport,medium_airport,-121.733002, 42.156101
LND,Hunt Field,medium_airport,-108.730003357, 42.8152008057
LNK,Lincoln Airport,medium_airport,-96.75920104980469, 40.85100173950195
LNS,Lancaster Airport,medium_airport,-76.29609680175781, 40.121700286865234
LOL,Derby Field,medium_airport,-118.565002441, 40.0663986206
LOU,Bowman Field,medium_airport,-85.6636962891, 38.2280006409
LOZ,London-Corbin Airport/Magee Field,medium_airport,-84.08489990230001, 37.0821990967
LRD,Laredo International Airport,medium_airport,-99.46160125732422, 27.543800354003906
LRF,Little Rock Air Force Base,medium_airport,-92.14969635010002, 34.916900634799994
LRU,Las Cruces International Airport,medium_airport,-106.9219970703125, 32.289398193359375
LSE,La Crosse Municipal Airport,medium_airport,-91.256699, 43.879002
LSF,Lawson Army Air Field (Fort Benning),medium_airport,-84.9913024902, 32.337299346900004
LSV,Nellis Air Force Base,medium_airport,-115.033996582, 36.2361984253
LTS,Altus Air Force Base,large_airport,-99.2667007446, 34.667098999
LUF,Luke Air Force Base,large_airport,-112.383003235, 33.534999847399995
LUK,Cincinnati Municipal Airport Lunken Field,medium_airport,-84.41860199, 39.10329819
LVM,Mission Field,medium_airport,-110.447998047, 45.6994018555
LVS,Las Vegas Municipal Airport,medium_airport,-105.141998291, 35.6542015076
LWB,Greenbrier Valley Airport,medium_airport,-80.3994979858, 37.8582992554
LWM,Lawrence Municipal Airport,medium_airport,-71.1233978271, 42.717201232899995
LWS,Lewiston Nez Perce County Airport,medium_airport,-117.01499938964844, 46.3745002746582
LWT,Lewistown Municipal Airport,medium_airport,-109.46700286865234, 47.04930114746094
LYH,Lynchburg Regional Preston Glenn Field,medium_airport,-79.20040130615234, 37.326698303222656
MAF,Midland International Airport,medium_airport,-102.2020034790039, 31.9424991607666
MBG,Mobridge Municipal Airport,medium_airport,-100.4079971, 45.54650116
MBS,MBS International Airport,large_airport,-84.07959747314453, 43.532901763916016
MCB,Mc Comb/Pike County Airport/John E Lewis Field,medium_airport,-90.47190094, 31.17849922
MCC,Mc Clellan Airfield,medium_airport,-121.401001, 38.66759872
MCE,Merced Regional Macready Field,medium_airport,-120.5139999, 37.28469849
MCF,Mac Dill Air Force Base,large_airport,-82.52120209, 27.84930038
MCI,Kansas City International Airport,large_airport,-94.713898, 39.2976
MCK,Mc Cook Ben Nelson Regional Airport,medium_airport,-100.5920029, 40.20629883
MCN,Middle Georgia Regional Airport,medium_airport,-83.64920043945312, 32.69279861450195
MCO,Orlando International Airport,large_airport,-81.30899810791016, 28.429399490356445
MCW,Mason City Municipal Airport,medium_airport,-93.3312988281, 43.157798767100005
MDH,Southern Illinois Airport,medium_airport,-89.25199890136719, 37.778099060058594
MDT,Harrisburg International Airport,medium_airport,-76.7633972168, 40.1935005188
MDW,Chicago Midway International Airport,large_airport,-87.752403, 41.785999
MEI,Key Field,medium_airport,-88.75189971923828, 32.33259963989258
MEM,Memphis International Airport,large_airport,-89.97669982910156, 35.04240036010742
MER,Castle Airport,medium_airport,-120.5680008, 37.38050079
MFD,Mansfield Lahm Regional Airport,medium_airport,-82.5166015625, 40.82139968869999
MFE,Mc Allen Miller International Airport,medium_airport,-98.23860168, 26.17580032
MFR,Rogue Valley International Medford Airport,medium_airport,-122.87300109863281, 42.37419891357422
MGE,Dobbins Air Reserve Base,large_airport,-84.51629639, 33.91540146
MGM,Montgomery Regional (Dannelly Field) Airport,large_airport,-86.39399719, 32.30059814
MGW,Morgantown Municipal Walter L. Bill Hart Field,medium_airport,-79.91629791, 39.64289856
MHK,Manhattan Regional Airport,medium_airport,-96.6707992553711, 39.14099884033203
MHR,Sacramento Mather Airport,medium_airport,-121.2979965, 38.55390167
MHT,Manchester-Boston Regional Airport,large_airport,-71.435699, 42.932598
MIA,Miami International Airport,large_airport,-80.29060363769531, 25.79319953918457
MIB,Minot Air Force Base,medium_airport,-101.358002, 48.4156
MIE,Delaware County Johnson Field,medium_airport,-85.3958969116211, 40.2422981262207
MIV,Millville Municipal Airport,medium_airport,-75.072197, 39.367802
MKC,Charles B. Wheeler Downtown Airport,medium_airport,-94.5927963256836, 39.123199462890625
MKE,General Mitchell International Airport,large_airport,-87.89659881591797, 42.947200775146484
MKG,Muskegon County Airport,medium_airport,-86.238197, 43.169498
MKL,McKellar-Sipes Regional Airport,medium_airport,-88.915604, 35.599899
MLB,Melbourne International Airport,medium_airport,-80.64530181884766, 28.102800369262695
MLC,Mc Alester Regional Airport,medium_airport,-95.783501, 34.882401
MLI,Quad City International Airport,large_airport,-90.50749969482422, 41.44850158691406
MLS,Frank Wiley Field,medium_airport,-105.88600158691406, 46.428001403808594
MLU,Monroe Regional Airport,large_airport,-92.0376968383789, 32.51089859008789
MMT,Mc Entire Joint National Guard Base,medium_airport,-80.80130005, 33.92079926
MMU,Morristown Municipal Airport,medium_airport,-74.41490173339844, 40.799400329589844
MOB,Mobile Regional Airport,large_airport,-88.242797851562, 30.691200256348
MOD,Modesto City Co-Harry Sham Field,medium_airport,-120.9540024, 37.62580109
MOT,Minot International Airport,medium_airport,-101.27999877929688, 48.2593994140625
MPV,Edward F Knapp State Airport,medium_airport,-72.56230164, 44.20349884
MQY,Smyrna Airport,medium_airport,-86.5201034546, 36.0089988708
MRB,Eastern WV Regional Airport/Shepherd Field,medium_airport,-77.98459625, 39.40190125
MRY,Monterey Peninsula Airport,medium_airport,-121.84300231933594, 36.58700180053711
MSL,Northwest Alabama Regional Airport,medium_airport,-87.61019897, 34.74530029
MSN,Dane County Regional Truax Field,large_airport,-89.3375015258789, 43.13990020751953
MSO,Missoula International Airport,medium_airport,-114.0910034, 46.91630173
MSP,Minneapolis-St Paul International/Wold-Chamberlain Airport,large_airport,-93.221802, 44.882
MSS,Massena International Richards Field,medium_airport,-74.84559631347656, 44.93579864501953
MSY,Louis Armstrong New Orleans International Airport,large_airport,-90.25800323486328, 29.99340057373047
MTC,Selfridge Air National Guard Base Airport,medium_airport,-82.836919, 42.613463
MTH,The Florida Keys Marathon Airport,medium_airport,-81.051399, 24.726101
MTJ,Montrose Regional Airport,medium_airport,-107.893997192, 38.509799957300004
MTN,Martin State Airport,medium_airport,-76.413803, 39.325699
MUI,Muir Army Air Field (Fort Indiantown Gap) Airport,medium_airport,-76.569397, 40.434799
MUO,Mountain Home Air Force Base,large_airport,-115.872002, 43.043598
MWH,Grant County International Airport,medium_airport,-119.3199997, 47.20769882
MXF,Maxwell Air Force Base,medium_airport,-86.365799, 32.3829
MYL,McCall Municipal Airport,medium_airport,-116.1009979, 44.88970184
MYR,Myrtle Beach International Airport,medium_airport,-78.9282989502, 33.6796989441
MYV,Yuba County Airport,medium_airport,-121.5699997, 39.09780121
NBG,New Orleans NAS JRB/Alvin Callender Field,medium_airport,-90.03500366, 29.82530022
NEL,Lakehurst Maxfield Field Airport,medium_airport,-74.353302, 40.03329849
NEW,Lakefront Airport,medium_airport,-90.028297424316, 30.042400360107
NFL,Fallon Naval Air Station,medium_airport,-118.7009964, 39.41659927
FWH,NAS Fort Worth JRB/Carswell Field,medium_airport,-97.4414978, 32.76919937
NGU,Norfolk Naval Station (Chambers Field),medium_airport,-76.289299, 36.937599
NHK,Patuxent River Naval Air Station (Trapnell Field),medium_airport,-76.411797, 38.285999
NHZ,Brunswick Executive Airport,medium_airport,-69.93859863, 43.89220047
NIP,Jacksonville Naval Air Station (Towers Field),medium_airport,-81.680603, 30.2358
NJK,El Centro NAF Airport (Vraciu Field),medium_airport,-115.671996, 32.829201
NKX,Miramar Marine Corps Air Station - Mitscher Field,medium_airport,-117.1429977, 32.86840057
NLC,Lemoore Naval Air Station (Reeves Field) Airport,medium_airport,-119.9520035, 36.33300018
NPA,Pensacola Naval Air Station/Forrest Sherman Field,medium_airport,-87.31860352, 30.35269928
NQA,Millington-Memphis Airport,medium_airport,-89.8703, 35.356701
NQI,Kingsville Naval Air Station,medium_airport,-97.8097000122, 27.5072002411
NQX,Naval Air Station Key West/Boca Chica Field,medium_airport,-81.68890381, 24.57579994
NRB,Naval Station Mayport (Admiral David L. Mcdonald Field),medium_airport,-81.42469788, 30.39109993
NSE,Whiting Field Naval Air Station - North,medium_airport,-87.02189636, 30.7241993
NTD,Point Mugu Naval Air Station (Naval Base Ventura Co),medium_airport,-119.121002197, 34.120300293
NTU,Oceana Naval Air Station,medium_airport,-76.033501, 36.820702
NUQ,Moffett Federal Airfield,medium_airport,-122.049004, 37.4161
NUW,Whidbey Island Naval Air Station (Ault Field),medium_airport,-122.655998, 48.351799
YUM,Yuma MCAS/Yuma International Airport,medium_airport,-114.6060028, 32.65660095
NZY,North Island Naval Air Station-Halsey Field,medium_airport,-117.2149963, 32.69919968
OAJ,Albert J Ellis Airport,medium_airport,-77.61209869380001, 34.8292007446
OAK,Metropolitan Oakland International Airport,large_airport,-122.221001, 37.721298
OFF,Offutt Air Force Base,medium_airport,-95.912498474121, 41.118301391602
OFK,Karl Stefan Memorial Airport,medium_airport,-97.435096740723, 41.985500335693
OGB,Orangeburg Municipal Airport,medium_airport,-80.859497070312, 33.456798553467
OGD,Ogden Hinckley Airport,medium_airport,-112.0120010376, 41.195899963379
OKC,Will Rogers World Airport,large_airport,-97.60070037841797, 35.39310073852539
OLF,L M Clayton Airport,medium_airport,-105.574996948, 48.094501495399996
OLM,Olympia Regional Airport,medium_airport,-122.9029999, 46.9693985
OLS,Nogales International Airport,medium_airport,-110.848, 31.4177
OMA,Eppley Airfield,large_airport,-95.894096, 41.3032
ONP,Newport Municipal Airport,medium_airport,-124.057999, 44.580399
ONT,Ontario International Airport,large_airport,-117.60099792480469, 34.055999755859375
OPF,Miami-Opa Locka Executive Airport,medium_airport,-80.278397, 25.907
NCO,Quonset State Airport,medium_airport,-71.412101745605, 41.597099304199
ORD,Chicago O'Hare International Airport,large_airport,-87.9048, 41.9786
ORF,Norfolk International Airport,large_airport,-76.20120239257812, 36.89459991455078
ORH,Worcester Regional Airport,medium_airport,-71.87570190429688, 42.26729965209961
OSH,Wittman Regional Airport,medium_airport,-88.55699920654297, 43.98440170288086
OSU,The Ohio State University Airport - Don Scott Field,medium_airport,-83.072998, 40.0798
OTH,Southwest Oregon Regional Airport,medium_airport,-124.24600219726562, 43.41709899902344
OTM,Ottumwa Regional Airport,medium_airport,-92.44789886, 41.10660172
OWB,Owensboro Daviess County Airport,medium_airport,-87.16680145, 37.74010086
OWD,Norwood Memorial Airport,medium_airport,-71.1728973389, 42.1904983521
OXR,Oxnard Airport,medium_airport,-119.20700073242, 34.200801849365
OZR,Cairns AAF (Fort Rucker) Air Field,medium_airport,-85.71340179, 31.27569962
PAE,Snohomish County (Paine Field) Airport,medium_airport,-122.2819977, 47.90629959
PAH,Barkley Regional Airport,medium_airport,-88.7738037109375, 37.06079864501953
PAM,Tyndall Air Force Base,large_airport,-85.57540130619999, 30.0695991516
PBF,"Pine Bluff Regional Airport, Grider Field",medium_airport,-91.9356, 34.1731
PBG,Plattsburgh International Airport,medium_airport,-73.46810150146484, 44.650901794433594
PBI,Palm Beach International Airport,large_airport,-80.09559631347656, 26.68320083618164
PDK,DeKalb Peachtree Airport,medium_airport,-84.3020019531, 33.8755989075
PDT,Eastern Oregon Regional At Pendleton Airport,medium_airport,-118.841003418, 45.695098877
PDX,Portland International Airport,large_airport,-122.5979996, 45.58869934
PGA,Page Municipal Airport,medium_airport,-111.447998, 36.92610168
PGV,Pitt Greenville Airport,medium_airport,-77.38529968, 35.6352005
PHF,Newport News Williamsburg International Airport,large_airport,-76.49299622, 37.13190079
PHL,Philadelphia International Airport,large_airport,-75.24109649658203, 39.87189865112305
PHX,Phoenix Sky Harbor International Airport,large_airport,-112.01200103759766, 33.43429946899414
PIA,General Wayne A. Downing Peoria International Airport,large_airport,-89.6932983398, 40.664199829100006
PIB,Hattiesburg Laurel Regional Airport,medium_airport,-89.33709716796875, 31.467100143432617
PIE,St Petersburg Clearwater International Airport,medium_airport,-82.68740082, 27.91020012
PIH,Pocatello Regional Airport,medium_airport,-112.59600067138672, 42.9098014831543
PIR,Pierre Regional Airport,medium_airport,-100.2860031, 44.38270187
PIT,Pittsburgh International Airport,large_airport,-80.23290253, 40.49150085
PKB,Mid Ohio Valley Regional Airport,medium_airport,-81.43920135498047, 39.34510040283203
PLN,Pellston Regional Airport of Emmet County Airport,medium_airport,-84.79669952, 45.57089996
PMD,Palmdale Regional/USAF Plant 42 Airport,medium_airport,-118.0849991, 34.62939835
PWY,Ralph Wenz Field,medium_airport,-109.8069992, 42.79550171
PNC,Ponca City Regional Airport,medium_airport,-97.09980011, 36.73199844
PNE,Northeast Philadelphia Airport,medium_airport,-75.010597, 40.081902
PNS,Pensacola International Airport,medium_airport,-87.1866, 30.4734
POB,Pope Field,medium_airport,-79.014503479004, 35.1708984375
POE,Polk Army Air Field,medium_airport,-93.1917038, 31.0447998
POU,Dutchess County Airport,medium_airport,-73.88420104980469, 41.6265983581543
PQI,Presque Isle International Airport,medium_airport,-68.0448, 46.688999
PRB,Paso Robles Municipal Airport,medium_airport,-120.6269989, 35.67290115
PRC,Prescott Regional Airport - Ernest A. Love Field,medium_airport,-112.419998, 34.654499
PRX,Cox Field,medium_airport,-95.450798034668, 33.636600494385
PSC,Tri Cities Airport,medium_airport,-119.11900329589844, 46.26470184326172
PSM,Portsmouth International at Pease Airport,medium_airport,-70.8233032227, 43.0778999329
PSP,Palm Springs International Airport,medium_airport,-116.50700378417969, 33.8297004699707
PTK,Oakland County International Airport,medium_airport,-83.420097351074, 42.665500640869
PUW,Pullman Moscow Regional Airport,medium_airport,-117.110001, 46.7439
PVD,Theodore Francis Green State Airport,large_airport,-71.420403, 41.732601
PVU,Provo Municipal Airport,medium_airport,-111.72299957275, 40.219200134277
PWK,Chicago Executive Airport,medium_airport,-87.901494, 42.114222
PWM,Portland International Jetport,large_airport,-70.309303, 43.646198
PWT,Bremerton National Airport,medium_airport,-122.76499938965, 47.490200042725
RAL,Riverside Municipal Airport,medium_airport,-117.4449997, 33.95190048
RAP,Rapid City Regional Airport,medium_airport,-103.05699920654297, 44.0452995300293
RBL,Red Bluff Municipal Airport,medium_airport,-122.251998901, 40.1506996155
RCA,Ellsworth Air Force Base,medium_airport,-103.1039963, 44.14500046
RDD,Redding Municipal Airport,medium_airport,-122.2929993, 40.50899887
RDG,Reading Regional Carl A Spaatz Field,medium_airport,-75.96520233154297, 40.378501892089844
RDM,Roberts Field,medium_airport,-121.1500015, 44.2541008
RDR,Grand Forks Air Force Base,medium_airport,-97.4011993408, 47.961101532
RDU,Raleigh Durham International Airport,large_airport,-78.7874984741211, 35.877601623535156
RFD,Chicago Rockford International Airport,large_airport,-89.09719848632812, 42.19540023803711
RHI,Rhinelander Oneida County Airport,medium_airport,-89.46749877929688, 45.63119888305664
RIC,Richmond International Airport,large_airport,-77.3197021484375, 37.50519943237305
RIL,Garfield County Regional Airport,medium_airport,-107.726997, 39.526299
RIV,March ARB Airport,medium_airport,-117.259003, 33.880699
RIW,Riverton Regional Airport,medium_airport,-108.459999084, 43.064201355
RKS,Southwest Wyoming Regional Airport,medium_airport,-109.065001, 41.5942
RME,Griffiss International Airport,medium_airport,-75.40699768, 43.23379898
RMG,Richard B Russell Airport,medium_airport,-85.15799713130001, 34.3506011963
RND,Randolph Air Force Base,large_airport,-98.27890015, 29.52969933
RNO,Reno Tahoe International Airport,large_airport,-119.76799774169922, 39.49909973144531
ROA,RoanokeâBlacksburg Regional Airport,large_airport,-79.975403, 37.3255
ROC,Greater Rochester International Airport,large_airport,-77.67240142822266, 43.118900299072266
ROW,Roswell International Air Center Airport,medium_airport,-104.53099822998047, 33.30160140991211
RSL,Russell Municipal Airport,medium_airport,-98.811798095703, 38.872100830078
RST,Rochester International Airport,large_airport,-92.5, 43.90829849243164
RSW,Southwest Florida International Airport,large_airport,-81.75520324707031, 26.53619956970215
RUT,Rutland - Southern Vermont Regional Airport,medium_airport,-72.94960022, 43.52939987
RVS,Richard Lloyd Jones Jr Airport,medium_airport,-95.984596252441, 36.039600372314
RWF,Redwood Falls Municipal Airport,medium_airport,-95.08229828, 44.54719925
RWI,Rocky Mount Wilson Regional Airport,medium_airport,-77.89189910888672, 35.856300354003906
RWL,Rawlins Municipal Airport/Harvey Field,medium_airport,-107.1999969, 41.80559921
SAC,Sacramento Executive Airport,medium_airport,-121.492996216, 38.5125007629
SAF,Santa Fe Municipal Airport,medium_airport,-106.088996887, 35.617099762
SAN,San Diego International Airport,large_airport,-117.190002441, 32.7336006165
SAT,San Antonio International Airport,large_airport,-98.46980285644531, 29.533700942993164
SAV,Savannah Hilton Head International Airport,large_airport,-81.20210266, 32.12760162
MQT,Sawyer International Airport,medium_airport,-87.395401001, 46.353599548300004
SBA,Santa Barbara Municipal Airport,medium_airport,-119.8399963, 34.42620087
SBD,San Bernardino International Airport,medium_airport,-117.23500061, 34.0954017639
SBN,South Bend Regional Airport,large_airport,-86.31729888916016, 41.70869827270508
SBP,San Luis County Regional Airport,medium_airport,-120.641998291, 35.236801147499996
SBY,Salisbury Ocean City Wicomico Regional Airport,medium_airport,-75.51029968261719, 38.34049987792969
SCH,Schenectady County Airport,medium_airport,-73.928901672363, 42.852500915527
SCK,Stockton Metropolitan Airport,medium_airport,-121.2379989624, 37.894199371338
SDF,Louisville Muhammad Ali International Airport,large_airport,-85.736, 38.1744
SDM,Brown Field Municipal Airport,medium_airport,-116.98000335693, 32.572299957275
SDY,Sidney - Richland Regional Airport,medium_airport,-104.193001, 47.706902
SEA,Seattle Tacoma International Airport,large_airport,-122.308998, 47.449001
SFB,Orlando Sanford International Airport,large_airport,-81.23750305175781, 28.777599334716797
SFF,Felts Field,medium_airport,-117.32299804688, 47.682800292969
SFO,San Francisco International Airport,large_airport,-122.375, 37.61899948120117
SGF,Springfield Branson National Airport,large_airport,-93.38860321, 37.24570084
SGH,Springfield-Beckley Municipal Airport,medium_airport,-83.840202331543, 39.840301513672
UST,Northeast Florida Regional Airport,medium_airport,-81.339798, 29.9592
SGR,Sugar Land Regional Airport,medium_airport,-95.65650177002, 29.622299194336
SGU,St George Municipal Airport,medium_airport,-113.510306, 37.036389
SHR,Sheridan County Airport,medium_airport,-106.9800033569336, 44.76919937133789
SHV,Shreveport Regional Airport,medium_airport,-93.8256, 32.446602
SJC,Norman Y. Mineta San Jose International Airport,large_airport,-121.929001, 37.362598
SJT,San Angelo Regional Mathis Field,medium_airport,-100.49600219726562, 31.35770034790039
SKA,Fairchild Air Force Base,large_airport,-117.65599823, 47.6151008606
SKF,Lackland Air Force Base,medium_airport,-98.58110046, 29.38419914
SLC,Salt Lake City International Airport,large_airport,-111.97799682617188, 40.78839874267578
SLE,Salem Municipal Airport/McNary Field,medium_airport,-123.0029984, 44.90950012
SLK,Adirondack Regional Airport,medium_airport,-74.2061996459961, 44.38529968261719
SLN,Salina Municipal Airport,medium_airport,-97.6521987915039, 38.79100036621094
SME,Lake Cumberland Regional Airport,medium_airport,-84.6158981323, 37.053398132299996
SMF,Sacramento International Airport,large_airport,-121.59100341796875, 38.69540023803711
SMN,Lemhi County Airport,medium_airport,-113.880996704, 45.1237983704
SMX,Santa Maria Pub/Capt G Allan Hancock Field,medium_airport,-120.4570007, 34.89889908
SNA,John Wayne Airport-Orange County Airport,large_airport,-117.8679962, 33.67570114
SNS,Salinas Municipal Airport,medium_airport,-121.60600280762, 36.662799835205
SNY,Sidney Municipal-Lloyd W Carr Field,medium_airport,-102.9850006, 41.10129929
SPI,Abraham Lincoln Capital Airport,large_airport,-89.67790222, 39.84410095
SPS,Sheppard Air Force Base-Wichita Falls Municipal Airport,large_airport,-98.491898, 33.9888
SRQ,Sarasota Bradenton International Airport,large_airport,-82.55439758300781, 27.39539909362793
RUI,Sierra Blanca Regional Airport,medium_airport,-105.53500366211, 33.462799072266
SSC,Shaw Air Force Base,large_airport,-80.47059631, 33.97269821
SSF,Stinson Municipal Airport,medium_airport,-98.471099853516, 29.336999893188
SSI,St Simons Island Airport,medium_airport,-81.391296, 31.1518
STC,St Cloud Regional Airport,medium_airport,-94.05989837646484, 45.546600341796875
STJ,Rosecrans Memorial Airport,medium_airport,-94.909698486328, 39.771900177002
STL,St Louis Lambert International Airport,large_airport,-90.370003, 38.748697
STP,St Paul Downtown Holman Field,medium_airport,-93.05999755859375, 44.93450164794922
STS,Charles M. Schulz Sonoma County Airport,medium_airport,-122.8130035, 38.50899887
SUN,Friedman Memorial Airport,medium_airport,-114.2959976, 43.50439835
SUS,Spirit of St Louis Airport,large_airport,-90.652000427246, 38.662101745605
SUU,Travis Air Force Base,large_airport,-121.92700195312, 38.262699127197
SUX,Sioux Gateway Airport/Brigadier General Bud Day Field,large_airport,-96.384399, 42.402599
SVN,Hunter Army Air Field,medium_airport,-81.14569855, 32.00999832
SWF,New York Stewart International Airport,medium_airport,-74.104797, 41.504101
SWO,Stillwater Regional Airport,medium_airport,-97.08570098877, 36.161201477051
SYR,Syracuse Hancock International Airport,large_airport,-76.1063003540039, 43.11119842529297
SZL,Whiteman Air Force Base,large_airport,-93.547897338867, 38.73030090332
TBN,Waynesville-St. Robert Regional Forney field,medium_airport,-92.14070129, 37.74160004
TCC,Tucumcari Municipal Airport,medium_airport,-103.602996826, 35.182800293
TCL,Tuscaloosa Regional Airport,medium_airport,-87.611396789551, 33.220600128174
TCM,McChord Air Force Base,large_airport,-122.475997925, 47.1376991272
TCS,Truth Or Consequences Municipal Airport,medium_airport,-107.272003174, 33.2369003296
TEB,Teterboro Airport,medium_airport,-74.060798645, 40.85010147089999
TIK,Tinker Air Force Base,large_airport,-97.386596679688, 35.414699554443
TIW,Tacoma Narrows Airport,medium_airport,-122.5780029, 47.26789856
TIX,Space Coast Regional Airport,medium_airport,-80.799201965332, 28.514799118042
TLH,Tallahassee Regional Airport,large_airport,-84.35030364990234, 30.396499633789062
TMB,Miami Executive Airport,medium_airport,-80.4328, 25.6479
TOI,Troy Municipal Airport at N Kenneth Campbell Field,medium_airport,-86.012101, 31.860399
TOL,Toledo Express Airport,large_airport,-83.80780029, 41.58679962
TOP,Philip Billard Municipal Airport,medium_airport,-95.622497558594, 39.068698883057
TPA,Tampa International Airport,large_airport,-82.533203125, 27.975500106811523
TPH,Tonopah Airport,medium_airport,-117.086998, 38.06019974
TPL,Draughon Miller Central Texas Regional Airport,medium_airport,-97.40779876708984, 31.15250015258789
TRI,Tri-Cities Regional TN/VA Airport,large_airport,-82.407401, 36.475201
TKF,Truckee Tahoe Airport,medium_airport,-120.13999939, 39.319999694799996
TRM,Jacqueline Cochran Regional Airport,medium_airport,-116.16000366211, 33.62670135498
TTD,Portland Troutdale Airport,medium_airport,-122.40100097656, 45.54940032959
TTN,Trenton Mercer Airport,medium_airport,-74.8134994506836, 40.27669906616211
TUL,Tulsa International Airport,large_airport,-95.88809967041016, 36.19839859008789
TUP,Tupelo Regional Airport,medium_airport,-88.7698974609375, 34.26810073852539
TUS,Tucson International Airport,large_airport,-110.94100189208984, 32.1161003112793
TVC,Cherry Capital Airport,medium_airport,-85.58219909667969, 44.74140167236328
TVL,Lake Tahoe Airport,medium_airport,-119.99500274658203, 38.89390182495117
TWF,Joslin Field Magic Valley Regional Airport,medium_airport,-114.487999, 42.4818
TXK,Texarkana Regional Webb Field,medium_airport,-93.99099731445312, 33.45370101928711
TYR,Tyler Pounds Regional Airport,medium_airport,-95.40239715576172, 32.35409927368164
TYS,McGhee Tyson Airport,large_airport,-83.9940033, 35.81100082
UIN,Quincy Regional Baldwin Field,medium_airport,-91.19460297, 39.94269943
UKI,Ukiah Municipal Airport,medium_airport,-123.20099639893, 39.125999450684
SCE,University Park Airport,medium_airport,-77.84870147710001, 40.8493003845
UOX,University Oxford Airport,medium_airport,-89.536796569824, 34.384300231934
HTV,Huntsville Regional Airport,medium_airport,-95.5871963501, 30.7469005585
VAD,Moody Air Force Base,medium_airport,-83.1930007935, 30.9678001404
VBG,Vandenberg Air Force Base,large_airport,-120.583999634, 34.7373008728
VCT,Victoria Regional Airport,medium_airport,-96.91850280761719, 28.85260009765625
VEL,Vernal Regional Airport,medium_airport,-109.5100021, 40.4408989
VGT,North Las Vegas Airport,medium_airport,-115.19400024414, 36.21070098877
VLD,Valdosta Regional Airport,medium_airport,-83.27670288085938, 30.782499313354492
VNY,Van Nuys Airport,medium_airport,-118.48999786377, 34.209800720215
VOK,Volk Field,medium_airport,-90.253402709961, 43.938999176025
VPS,Destin-Ft Walton Beach Airport,large_airport,-86.525398, 30.4832
VPZ,Porter County Municipal Airport,medium_airport,-87.00710297, 41.45399857
VRB,Vero Beach Regional Airport,medium_airport,-80.417901, 27.6556
VTN,Miller Field,medium_airport,-100.5479965, 42.85779953
WJF,General WM J Fox Airfield,medium_airport,-118.2190018, 34.74110031
WMC,Winnemucca Municipal Airport,medium_airport,-117.805999756, 40.8965988159
WRB,Robins Air Force Base,large_airport,-83.5919036865, 32.6400985718
WRI,Mc Guire Air Force Base,medium_airport,-74.59169769, 40.0155983
WRL,Worland Municipal Airport,medium_airport,-107.95099639892578, 43.9656982421875
WWD,Cape May County Airport,medium_airport,-74.9083023071, 39.008499145500004
WWR,West Woodward Airport,medium_airport,-99.5226667, 36.438
WYS,Yellowstone Airport,medium_airport,-111.1179962, 44.68840027
XNA,Northwest Arkansas Regional Airport,medium_airport,-94.306801, 36.281898
YIP,Willow Run Airport,medium_airport,-83.53040314, 42.23789978
YKM,Yakima Air Terminal McAllister Field,medium_airport,-120.5439987, 46.56819916
YKN,Chan Gurney Municipal Airport,medium_airport,-97.385902404785, 42.916698455811
YNG,Youngstown Warren Regional Airport,medium_airport,-80.67910004, 41.26070023
ZZV,Zanesville Municipal Airport,medium_airport,-81.89209747310001, 39.9444007874
PAQ,"Warren ""Bud"" Woods Palmer Municipal Airport",medium_airport,-149.08901, 61.594898
BTI,Barter Island LRRS Airport,medium_airport,-143.582000732, 70.1340026855
BET,Bethel Airport,medium_airport,-161.8379974, 60.77980042
BIG,Allen Army Airfield,medium_airport,-145.722000122, 63.9944992065
BKC,Buckland Airport,medium_airport,-161.149002075, 65.9815979004
BRW,Wiley Post Will Rogers Memorial Airport,medium_airport,-156.766008, 71.285402
BTT,Bettles Airport,medium_airport,-151.529007, 66.91390228
CDB,Cold Bay Airport,medium_airport,-162.72500610351562, 55.20610046386719
SCM,Scammon Bay Airport,medium_airport,-165.570999146, 61.845298767100005
CDV,Merle K (Mudhole) Smith Airport,medium_airport,-145.4779968, 60.4917984
CZF,Cape Romanzof LRRS Airport,medium_airport,-166.0390015, 61.78030014
DRG,Deering Airport,medium_airport,-162.766006, 66.069603
ADK,Adak Airport,medium_airport,-176.64599609375, 51.87799835205078
DLG,Dillingham Airport,medium_airport,-158.5050049, 59.04470062
MLL,Marshall Don Hunter Sr Airport,medium_airport,-162.026000977, 61.8642997742
ADQ,Kodiak Airport,medium_airport,-152.4940033, 57.75
DUT,Unalaska Airport,medium_airport,-166.544006348, 53.900100708
EDF,Elmendorf Air Force Base,medium_airport,-149.8070068359375, 61.250999450683594
EHM,Cape Newenham LRRS Airport,medium_airport,-162.06300354, 58.646400451699996
EIL,Eielson Air Force Base,medium_airport,-147.102005, 64.66570282
EMK,Emmonak Airport,medium_airport,-164.4909973, 62.78609848
ENA,Kenai Municipal Airport,medium_airport,-151.2449951171875, 60.57310104370117
FAI,Fairbanks International Airport,large_airport,-147.8560028, 64.81510162
FBK,Ladd AAF Airfield,medium_airport,-147.6139984, 64.83750153
ABL,Ambler Airport,medium_airport,-157.856989, 67.1063
GAL,Edward G. Pitka Sr Airport,medium_airport,-156.9369965, 64.73619843
GKN,Gulkana Airport,medium_airport,-145.4570007, 62.1548996
GAM,Gambell Airport,medium_airport,-171.73300170898438, 63.76679992675781
GST,Gustavus Airport,medium_airport,-135.7070007, 58.4253006
HCR,Holy Cross Airport,medium_airport,-159.77499389648438, 62.18830108642578
HSL,Huslia Airport,medium_airport,-156.3509979, 65.69789886
HNS,Haines Airport,medium_airport,-135.5240020751953, 59.24380111694336
HOM,Homer Airport,medium_airport,-151.4770050048828, 59.645599365234375
HPB,Hooper Bay Airport,medium_airport,-166.1470032, 61.52389908
EGX,Egegik Airport,medium_airport,-157.375, 58.1855010986
IAN,Bob Baker Memorial Airport,medium_airport,-160.43699646, 66.9759979248
ILI,Iliamna Airport,medium_airport,-154.9109955, 59.75439835
UTO,Indian Mountain LRRS Airport,medium_airport,-153.7039948, 65.99279785
JNU,Juneau International Airport,medium_airport,-134.5760040283203, 58.35499954223633
AKN,King Salmon Airport,medium_airport,-156.6490021, 58.67679977
AKP,Anaktuvuk Pass Airport,medium_airport,-151.7429962, 68.13359833
KTN,Ketchikan International Airport,medium_airport,-131.7140045, 55.35559845
KLW,Klawock Airport,medium_airport,-133.076004028, 55.579200744599994
LUR,Cape Lisburne LRRS Airport,medium_airport,-166.1100006, 68.87509918
MCG,McGrath Airport,medium_airport,-155.6060028, 62.95289993
MRI,Merrill Field,medium_airport,-149.843994140625, 61.2135009765625
MYU,Mekoryuk Airport,medium_airport,-166.27099609375, 60.37139892578125
ANC,Ted Stevens Anchorage International Airport,large_airport,-149.99600219726562, 61.174400329589844
ANI,Aniak Airport,medium_airport,-159.54299926757812, 61.581600189208984
ENN,Nenana Municipal Airport,medium_airport,-149.07400512695312, 64.54730224609375
ANN,Annette Island Airport,medium_airport,-131.57200622558594, 55.04240036010742
ANV,Anvik Airport,medium_airport,-160.190994, 62.646702
OME,Nome Airport,medium_airport,-165.44500732421875, 64.51219940185547
ORT,Northway Airport,medium_airport,-141.9290009, 62.9612999
OTZ,Ralph Wien Memorial Airport,medium_airport,-162.598999, 66.88469696
STG,St George Airport,medium_airport,-169.662002563, 56.578300476100004
KPC,Port Clarence Coast Guard Station,medium_airport,-166.85899353, 65.2537002563
PSG,Petersburg James A Johnson Airport,medium_airport,-132.9450073, 56.80170059
PTH,Port Heiden Airport,medium_airport,-158.63299560546875, 56.95909881591797
PTU,Platinum Airport,medium_airport,-161.82000732421875, 59.01139831542969
NUI,Nuiqsut Airport,medium_airport,-151.005996704, 70.2099990845
ARC,Arctic Village Airport,medium_airport,-145.578995, 68.1147
RBY,Ruby Airport,medium_airport,-155.4700012, 64.72720337
SVA,Savoonga Airport,medium_airport,-170.4929962158203, 63.6864013671875
SCC,Deadhorse Airport,medium_airport,-148.4649963, 70.19470215
SDP,Sand Point Airport,medium_airport,-160.5229949951172, 55.314998626708984
SHH,Shishmaref Airport,medium_airport,-166.089112, 66.249604
SIT,Sitka Rocky Gutierrez Airport,medium_airport,-135.36199951171875, 57.04710006713867
WLK,Selawik Airport,medium_airport,-159.9859924, 66.60009766
KSM,St Mary's Airport,medium_airport,-163.302002, 62.0605011
SNP,St Paul Island Airport,medium_airport,-170.22000122070312, 57.167301177978516
SVW,Sparrevohn LRRS Airport,medium_airport,-155.5740051, 61.09740067
SXQ,Soldotna Airport,medium_airport,-151.03399658203125, 60.47570037841797
SYA,Eareckson Air Station,medium_airport,174.1139984, 52.71229935
TOG,Togiak Airport,medium_airport,-160.39700317382812, 59.052799224853516
TKA,Talkeetna Airport,medium_airport,-150.09399414062, 62.320499420166
TLJ,Tatalina LRRS Airport,medium_airport,-155.977005005, 62.894401550299996
ATK,Atqasuk Edward Burnell Sr Memorial Airport,medium_airport,-157.43600463867188, 70.46730041503906
VDZ,Valdez Pioneer Field,medium_airport,-146.2480011, 61.13389969
KVL,Kivalina Airport,medium_airport,-164.56300354003906, 67.73619842529297
SWD,Seward Airport,medium_airport,-149.41900634765625, 60.12689971923828
WRG,Wrangell Airport,medium_airport,-132.3699951, 56.48429871
AIN,Wainwright Airport,medium_airport,-159.994995117, 70.6380004883
WTK,Noatak Airport,medium_airport,-162.97500610351562, 67.56610107421875
WWA,Wasilla Airport,medium_airport,-149.539993286, 61.5717010498
YAK,Yakutat Airport,medium_airport,-139.660003662, 59.5032997131
FYU,Fort Yukon Airport,medium_airport,-145.25, 66.57150268554688
BKH,Barking Sands Airport,medium_airport,-159.785003662, 22.022800445599998
HDH,Dillingham Airfield,medium_airport,-158.197006226, 21.5795001984
HHI,Wheeler Army Airfield,medium_airport,-158.0399933, 21.48349953
HNM,Hana Airport,medium_airport,-156.01400756835938, 20.79560089111328
JHM,Kapalua Airport,medium_airport,-156.67300415039062, 20.962900161743164
JRF,Kalaeloa Airport,medium_airport,-158.070009, 21.3074
KOA,Ellison Onizuka Kona International At Keahole Airport,medium_airport,-156.045603, 19.738783
LIH,Lihue Airport,medium_airport,-159.33900451660156, 21.97599983215332
MKK,Molokai Airport,medium_airport,-157.0959930419922, 21.15290069580078
MUE,Waimea Kohala Airport,medium_airport,-155.66799926757812, 20.001300811767578
NGF,Kaneohe Bay MCAS (Marion E. Carl Field) Airport,medium_airport,-157.768005371, 21.4505004883
HNL,Daniel K Inouye International Airport,large_airport,-157.924228, 21.32062
LNY,Lanai Airport,medium_airport,-156.9510040283203, 20.785600662231445
OGG,Kahului Airport,medium_airport,-156.429993, 20.8986
BSF,Bradshaw Army Airfield,medium_airport,-155.554000854, 19.760099411
ITO,Hilo International Airport,medium_airport,-155.04800415039062, 19.721399307250977
UPP,Upolu Airport,medium_airport,-155.86000061035156, 20.265300750732422
PIZ,Point Lay LRRS Airport,medium_airport,-163.0050049, 69.73290253
XWA,Williston Basin International Airport,medium_airport,-103.748797, 48.258387
